,0
0,https://auto.8891.com.tw//usedauto-motoInfos-3654344.html
1,https://auto.8891.com.tw//usedauto-motoInfos-3655422.html
2,https://auto.8891.com.tw//usedauto-motoInfos-3667258.html
3,https://auto.8891.com.tw//usedauto-motoInfos-3683117.html
4,https://auto.8891.com.tw//usedauto-motoInfos-3683119.html
5,https://auto.8891.com.tw//usedauto-motoInfos-3685029.html
6,https://auto.8891.com.tw//usedauto-motoInfos-3692726.html
7,https://auto.8891.com.tw//usedauto-motoInfos-3716183.html
8,https://auto.8891.com.tw//usedauto-motoInfos-3716178.html
9,https://auto.8891.com.tw//usedauto-motoInfos-3708813.html
10,https://auto.8891.com.tw//usedauto-motoInfos-3707954.html
11,https://auto.8891.com.tw//usedauto-motoInfos-3707025.html
12,https://auto.8891.com.tw//usedauto-motoInfos-3707024.html
13,https://auto.8891.com.tw//usedauto-motoInfos-3699634.html
14,https://auto.8891.com.tw//usedauto-motoInfos-3699615.html
15,https://auto.8891.com.tw//usedauto-motoInfos-3699485.html
16,https://auto.8891.com.tw//usedauto-motoInfos-3698497.html
17,https://auto.8891.com.tw//usedauto-motoInfos-3707023.html
18,https://auto.8891.com.tw//usedauto-motoInfos-3699493.html
19,https://auto.8891.com.tw//usedauto-motoInfos-3699492.html
20,https://auto.8891.com.tw//usedauto-motoInfos-3698496.html
21,https://auto.8891.com.tw//usedauto-motoInfos-3698495.html
22,https://auto.8891.com.tw//usedauto-motoInfos-3698494.html
23,https://auto.8891.com.tw//usedauto-motoInfos-3691745.html
24,https://auto.8891.com.tw//usedauto-motoInfos-3683120.html
25,https://auto.8891.com.tw//usedauto-motoInfos-3683114.html
26,https://auto.8891.com.tw//usedauto-motoInfos-3683113.html
27,https://auto.8891.com.tw//usedauto-motoInfos-3667262.html
28,https://auto.8891.com.tw//usedauto-motoInfos-3667259.html
29,https://auto.8891.com.tw//usedauto-motoInfos-3664733.html
30,https://auto.8891.com.tw//usedauto-motoInfos-3660924.html
31,https://auto.8891.com.tw//usedauto-motoInfos-3655435.html
32,https://auto.8891.com.tw//usedauto-motoInfos-3655433.html
33,https://auto.8891.com.tw//usedauto-motoInfos-3655430.html
34,https://auto.8891.com.tw//usedauto-motoInfos-3655428.html
35,https://auto.8891.com.tw//usedauto-motoInfos-3655425.html
36,https://auto.8891.com.tw//usedauto-motoInfos-3655421.html
37,https://auto.8891.com.tw//usedauto-motoInfos-3671155.html
38,https://auto.8891.com.tw//usedauto-motoInfos-3668755.html
39,https://auto.8891.com.tw//usedauto-motoInfos-3668761.html
40,https://auto.8891.com.tw//usedauto-motoInfos-3720592.html
41,https://auto.8891.com.tw//usedauto-motoInfos-3720513.html
42,https://auto.8891.com.tw//usedauto-motoInfos-3720004.html
43,https://auto.8891.com.tw//usedauto-motoInfos-3714288.html
44,https://auto.8891.com.tw//usedauto-motoInfos-3718782.html
45,https://auto.8891.com.tw//usedauto-motoInfos-3691839.html
46,https://auto.8891.com.tw//usedauto-motoInfos-3719491.html
47,https://auto.8891.com.tw//usedauto-motoInfos-3719489.html
48,https://auto.8891.com.tw//usedauto-motoInfos-3719488.html
49,https://auto.8891.com.tw//usedauto-motoInfos-3719487.html
50,https://auto.8891.com.tw//usedauto-motoInfos-3719486.html
51,https://auto.8891.com.tw//usedauto-motoInfos-3719485.html
52,https://auto.8891.com.tw//usedauto-motoInfos-3719484.html
53,https://auto.8891.com.tw//usedauto-motoInfos-3719483.html
54,https://auto.8891.com.tw//usedauto-motoInfos-3719482.html
55,https://auto.8891.com.tw//usedauto-motoInfos-3664222.html
56,https://auto.8891.com.tw//usedauto-motoInfos-3672002.html
57,https://auto.8891.com.tw//usedauto-motoInfos-3719049.html
58,https://auto.8891.com.tw//usedauto-motoInfos-3682444.html
59,https://auto.8891.com.tw//usedauto-motoInfos-3711419.html
60,https://auto.8891.com.tw//usedauto-motoInfos-3717217.html
61,https://auto.8891.com.tw//usedauto-motoInfos-3717214.html
62,https://auto.8891.com.tw//usedauto-motoInfos-3716994.html
63,https://auto.8891.com.tw//usedauto-motoInfos-3694943.html
64,https://auto.8891.com.tw//usedauto-motoInfos-3716805.html
65,https://auto.8891.com.tw//usedauto-motoInfos-3716752.html
66,https://auto.8891.com.tw//usedauto-motoInfos-3716267.html
67,https://auto.8891.com.tw//usedauto-motoInfos-3715837.html
68,https://auto.8891.com.tw//usedauto-motoInfos-3715395.html
69,https://auto.8891.com.tw//usedauto-motoInfos-3714172.html
70,https://auto.8891.com.tw//usedauto-motoInfos-3713382.html
71,https://auto.8891.com.tw//usedauto-motoInfos-3713113.html
72,https://auto.8891.com.tw//usedauto-motoInfos-3713042.html
73,https://auto.8891.com.tw//usedauto-motoInfos-3713036.html
74,https://auto.8891.com.tw//usedauto-motoInfos-3711098.html
75,https://auto.8891.com.tw//usedauto-motoInfos-3708554.html
76,https://auto.8891.com.tw//usedauto-motoInfos-3689031.html
77,https://auto.8891.com.tw//usedauto-motoInfos-3689029.html
78,https://auto.8891.com.tw//usedauto-motoInfos-3689026.html
79,https://auto.8891.com.tw//usedauto-motoInfos-3689023.html
80,https://auto.8891.com.tw//usedauto-motoInfos-3664249.html
81,https://auto.8891.com.tw//usedauto-motoInfos-3712794.html
82,https://auto.8891.com.tw//usedauto-motoInfos-3664285.html
83,https://auto.8891.com.tw//usedauto-motoInfos-3708545.html
84,https://auto.8891.com.tw//usedauto-motoInfos-3664087.html
85,https://auto.8891.com.tw//usedauto-motoInfos-3664084.html
86,https://auto.8891.com.tw//usedauto-motoInfos-3664078.html
87,https://auto.8891.com.tw//usedauto-motoInfos-3664073.html
88,https://auto.8891.com.tw//usedauto-motoInfos-3712792.html
89,https://auto.8891.com.tw//usedauto-motoInfos-3664064.html
90,https://auto.8891.com.tw//usedauto-motoInfos-3712745.html
91,https://auto.8891.com.tw//usedauto-motoInfos-3710161.html
92,https://auto.8891.com.tw//usedauto-motoInfos-3710154.html
93,https://auto.8891.com.tw//usedauto-motoInfos-3710149.html
94,https://auto.8891.com.tw//usedauto-motoInfos-3710147.html
95,https://auto.8891.com.tw//usedauto-motoInfos-3689035.html
96,https://auto.8891.com.tw//usedauto-motoInfos-3699700.html
97,https://auto.8891.com.tw//usedauto-motoInfos-3664037.html
98,https://auto.8891.com.tw//usedauto-motoInfos-3664019.html
99,https://auto.8891.com.tw//usedauto-motoInfos-3664006.html
100,https://auto.8891.com.tw//usedauto-motoInfos-3707639.html
101,https://auto.8891.com.tw//usedauto-motoInfos-3707614.html
102,https://auto.8891.com.tw//usedauto-motoInfos-3707598.html
103,https://auto.8891.com.tw//usedauto-motoInfos-3706354.html
104,https://auto.8891.com.tw//usedauto-motoInfos-3706340.html
105,https://auto.8891.com.tw//usedauto-motoInfos-3706338.html
106,https://auto.8891.com.tw//usedauto-motoInfos-3688981.html
107,https://auto.8891.com.tw//usedauto-motoInfos-3704064.html
108,https://auto.8891.com.tw//usedauto-motoInfos-3704052.html
109,https://auto.8891.com.tw//usedauto-motoInfos-3703834.html
110,https://auto.8891.com.tw//usedauto-motoInfos-3703619.html
111,https://auto.8891.com.tw//usedauto-motoInfos-3703447.html
112,https://auto.8891.com.tw//usedauto-motoInfos-3703237.html
113,https://auto.8891.com.tw//usedauto-motoInfos-3703236.html
114,https://auto.8891.com.tw//usedauto-motoInfos-3703235.html
115,https://auto.8891.com.tw//usedauto-motoInfos-3703234.html
116,https://auto.8891.com.tw//usedauto-motoInfos-3703233.html
117,https://auto.8891.com.tw//usedauto-motoInfos-3703232.html
118,https://auto.8891.com.tw//usedauto-motoInfos-3703230.html
119,https://auto.8891.com.tw//usedauto-motoInfos-3703226.html
120,https://auto.8891.com.tw//usedauto-motoInfos-3703223.html
121,https://auto.8891.com.tw//usedauto-motoInfos-3703221.html
122,https://auto.8891.com.tw//usedauto-motoInfos-3703217.html
123,https://auto.8891.com.tw//usedauto-motoInfos-3703215.html
124,https://auto.8891.com.tw//usedauto-motoInfos-3703213.html
125,https://auto.8891.com.tw//usedauto-motoInfos-3703211.html
126,https://auto.8891.com.tw//usedauto-motoInfos-3702138.html
127,https://auto.8891.com.tw//usedauto-motoInfos-3702090.html
128,https://auto.8891.com.tw//usedauto-motoInfos-3701389.html
129,https://auto.8891.com.tw//usedauto-motoInfos-3701143.html
130,https://auto.8891.com.tw//usedauto-motoInfos-3700078.html
131,https://auto.8891.com.tw//usedauto-motoInfos-3700075.html
132,https://auto.8891.com.tw//usedauto-motoInfos-3700071.html
133,https://auto.8891.com.tw//usedauto-motoInfos-3700070.html
134,https://auto.8891.com.tw//usedauto-motoInfos-3700062.html
135,https://auto.8891.com.tw//usedauto-motoInfos-3698798.html
136,https://auto.8891.com.tw//usedauto-motoInfos-3697747.html
137,https://auto.8891.com.tw//usedauto-motoInfos-3697110.html
138,https://auto.8891.com.tw//usedauto-motoInfos-3695672.html
139,https://auto.8891.com.tw//usedauto-motoInfos-3693528.html
140,https://auto.8891.com.tw//usedauto-motoInfos-3693113.html
141,https://auto.8891.com.tw//usedauto-motoInfos-3692818.html
142,https://auto.8891.com.tw//usedauto-motoInfos-3692817.html
143,https://auto.8891.com.tw//usedauto-motoInfos-3692815.html
144,https://auto.8891.com.tw//usedauto-motoInfos-3692814.html
145,https://auto.8891.com.tw//usedauto-motoInfos-3692812.html
146,https://auto.8891.com.tw//usedauto-motoInfos-3692810.html
147,https://auto.8891.com.tw//usedauto-motoInfos-3692809.html
148,https://auto.8891.com.tw//usedauto-motoInfos-3692808.html
149,https://auto.8891.com.tw//usedauto-motoInfos-3692806.html
150,https://auto.8891.com.tw//usedauto-motoInfos-3677725.html
151,https://auto.8891.com.tw//usedauto-motoInfos-3692235.html
152,https://auto.8891.com.tw//usedauto-motoInfos-3691742.html
153,https://auto.8891.com.tw//usedauto-motoInfos-3690822.html
154,https://auto.8891.com.tw//usedauto-motoInfos-3689422.html
155,https://auto.8891.com.tw//usedauto-motoInfos-3678502.html
156,https://auto.8891.com.tw//usedauto-motoInfos-3683830.html
157,https://auto.8891.com.tw//usedauto-motoInfos-3682182.html
158,https://auto.8891.com.tw//usedauto-motoInfos-3680960.html
159,https://auto.8891.com.tw//usedauto-motoInfos-3680924.html
160,https://auto.8891.com.tw//usedauto-motoInfos-3680700.html
161,https://auto.8891.com.tw//usedauto-motoInfos-3679642.html
162,https://auto.8891.com.tw//usedauto-motoInfos-3679532.html
163,https://auto.8891.com.tw//usedauto-motoInfos-3678931.html
164,https://auto.8891.com.tw//usedauto-motoInfos-3678239.html
165,https://auto.8891.com.tw//usedauto-motoInfos-3677482.html
166,https://auto.8891.com.tw//usedauto-motoInfos-3677388.html
167,https://auto.8891.com.tw//usedauto-motoInfos-3677370.html
168,https://auto.8891.com.tw//usedauto-motoInfos-3677094.html
169,https://auto.8891.com.tw//usedauto-motoInfos-3676381.html
170,https://auto.8891.com.tw//usedauto-motoInfos-3675858.html
171,https://auto.8891.com.tw//usedauto-motoInfos-3669808.html
172,https://auto.8891.com.tw//usedauto-motoInfos-3674919.html
173,https://auto.8891.com.tw//usedauto-motoInfos-3673795.html
174,https://auto.8891.com.tw//usedauto-motoInfos-3673730.html
175,https://auto.8891.com.tw//usedauto-motoInfos-3673669.html
176,https://auto.8891.com.tw//usedauto-motoInfos-3672610.html
177,https://auto.8891.com.tw//usedauto-motoInfos-3672485.html
178,https://auto.8891.com.tw//usedauto-motoInfos-3671668.html
179,https://auto.8891.com.tw//usedauto-motoInfos-3671285.html
180,https://auto.8891.com.tw//usedauto-motoInfos-3670724.html
181,https://auto.8891.com.tw//usedauto-motoInfos-3670723.html
182,https://auto.8891.com.tw//usedauto-motoInfos-3670308.html
183,https://auto.8891.com.tw//usedauto-motoInfos-3670685.html
184,https://auto.8891.com.tw//usedauto-motoInfos-3669953.html
185,https://auto.8891.com.tw//usedauto-motoInfos-3666707.html
186,https://auto.8891.com.tw//usedauto-motoInfos-3668337.html
187,https://auto.8891.com.tw//usedauto-motoInfos-3667887.html
188,https://auto.8891.com.tw//usedauto-motoInfos-3666783.html
189,https://auto.8891.com.tw//usedauto-motoInfos-3666469.html
190,https://auto.8891.com.tw//usedauto-motoInfos-3664734.html
191,https://auto.8891.com.tw//usedauto-motoInfos-3664304.html
192,https://auto.8891.com.tw//usedauto-motoInfos-3664297.html
193,https://auto.8891.com.tw//usedauto-motoInfos-3664151.html
194,https://auto.8891.com.tw//usedauto-motoInfos-3663605.html
195,https://auto.8891.com.tw//usedauto-motoInfos-3663604.html
196,https://auto.8891.com.tw//usedauto-motoInfos-3663603.html
197,https://auto.8891.com.tw//usedauto-motoInfos-3663601.html
198,https://auto.8891.com.tw//usedauto-motoInfos-3663600.html
199,https://auto.8891.com.tw//usedauto-motoInfos-3663598.html
200,https://auto.8891.com.tw//usedauto-motoInfos-3663595.html
201,https://auto.8891.com.tw//usedauto-motoInfos-3663592.html
202,https://auto.8891.com.tw//usedauto-motoInfos-3663591.html
203,https://auto.8891.com.tw//usedauto-motoInfos-3663590.html
204,https://auto.8891.com.tw//usedauto-motoInfos-3663582.html
205,https://auto.8891.com.tw//usedauto-motoInfos-3663587.html
206,https://auto.8891.com.tw//usedauto-motoInfos-3663584.html
207,https://auto.8891.com.tw//usedauto-motoInfos-3663583.html
208,https://auto.8891.com.tw//usedauto-motoInfos-3662943.html
209,https://auto.8891.com.tw//usedauto-motoInfos-3662924.html
210,https://auto.8891.com.tw//usedauto-motoInfos-3662921.html
211,https://auto.8891.com.tw//usedauto-motoInfos-3662904.html
212,https://auto.8891.com.tw//usedauto-motoInfos-3662664.html
213,https://auto.8891.com.tw//usedauto-motoInfos-3661988.html
214,https://auto.8891.com.tw//usedauto-motoInfos-3661495.html
215,https://auto.8891.com.tw//usedauto-motoInfos-3661013.html
216,https://auto.8891.com.tw//usedauto-motoInfos-3660986.html
217,https://auto.8891.com.tw//usedauto-motoInfos-3660985.html
218,https://auto.8891.com.tw//usedauto-motoInfos-3660984.html
219,https://auto.8891.com.tw//usedauto-motoInfos-3660982.html
220,https://auto.8891.com.tw//usedauto-motoInfos-3660979.html
221,https://auto.8891.com.tw//usedauto-motoInfos-3660978.html
222,https://auto.8891.com.tw//usedauto-motoInfos-3660976.html
223,https://auto.8891.com.tw//usedauto-motoInfos-3660975.html
224,https://auto.8891.com.tw//usedauto-motoInfos-3660973.html
225,https://auto.8891.com.tw//usedauto-motoInfos-3660970.html
226,https://auto.8891.com.tw//usedauto-motoInfos-3660969.html
227,https://auto.8891.com.tw//usedauto-motoInfos-3660968.html
228,https://auto.8891.com.tw//usedauto-motoInfos-3660967.html
229,https://auto.8891.com.tw//usedauto-motoInfos-3660966.html
230,https://auto.8891.com.tw//usedauto-motoInfos-3660964.html
231,https://auto.8891.com.tw//usedauto-motoInfos-3659926.html
232,https://auto.8891.com.tw//usedauto-motoInfos-3658927.html
233,https://auto.8891.com.tw//usedauto-motoInfos-3656521.html
234,https://auto.8891.com.tw//usedauto-motoInfos-3656188.html
235,https://auto.8891.com.tw//usedauto-motoInfos-3655852.html
236,https://auto.8891.com.tw//usedauto-motoInfos-3655375.html
237,https://auto.8891.com.tw//usedauto-motoInfos-3654879.html
238,https://auto.8891.com.tw//usedauto-motoInfos-3647336.html
239,https://auto.8891.com.tw//usedauto-motoInfos-3654287.html
240,https://auto.8891.com.tw//usedauto-motoInfos-3653090.html
241,https://auto.8891.com.tw//usedauto-motoInfos-3653071.html
242,https://auto.8891.com.tw//usedauto-motoInfos-3653005.html
243,https://auto.8891.com.tw//usedauto-motoInfos-3652973.html
244,https://auto.8891.com.tw//usedauto-motoInfos-3128600.html
245,https://auto.8891.com.tw//usedauto-motoInfos-2687172.html
246,https://auto.8891.com.tw//usedauto-motoInfos-2389594.html
247,https://auto.8891.com.tw//usedauto-motoInfos-2258417.html
248,https://auto.8891.com.tw//usedauto-motoInfos-2140739.html
249,https://auto.8891.com.tw//usedauto-motoInfos-1605626.html
250,https://auto.8891.com.tw//usedauto-motoInfos-1517160.html
251,https://auto.8891.com.tw//usedauto-motoInfos-1380768.html
